Classifiers,F1,SA,HL,Pr,Re,F1m,F1M,Prm,PrM,Rem,ReM,unkRm,unkRM,unk
MINAS-BR,0.24566175,0.010797665,0.22521721,0.23992488,0.29463544,0.42703205,0.36297432,0.5615695,0.6074161,0.38045856,0.29715753,NaN,0.2792681,168
