Classifiers,F1,SA,HL,Pr,Re,F1m,F1M,Prm,PrM,Rem,ReM,unkRm,unkRM,unk
MINAS-BR,0.8087844,0.6336011,0.0,0.84841174,0.81937873,0.87071526,0.8172673,0.8919797,0.8450788,0.85105,0.79327375,NaN,0.09907112,6659
